Keyword,Brand,Clicks,Impresions,Rank,Volume
swisscom,brand,3,47,100,202000
sunrise,brand,6,2238,"16,16",152000
salt,brand,86,57271,"6,84",137000
wingo,brand,99,89426,"6,62",85000
yallo,brand,53,45739,"6,44",68000
handy abo,other,105,4401,"7,6",4200
prepaid sim karte,other,0,10,,2400
internet abo,other,65,3419,"8,85",2600
handy abo vergleich,other,81,3543,"5,32",2600
glasfaseranschluss,other,0,10,,1600
m budget mobile,brand,1,1487,"14,5",22000
mobile abo,other,9,897,"28,6",1500
handy abo schweiz,other,35,1718,"7,72",1600
yallo abo,semibrand,10,3778,"9,56",4000
sunrise abo,semibrand,3,947,"6,7",3800
salt abo,semibrand,11,4138,"9,65",3800
sunrise netzabdeckung,other,5,1283,"9,22",1200
internet abo schweiz,other,5,838,"10,98",1200
yallo internet,semibrand,1,288,30,3200
salt netzabdeckung,other,19,1284,"5,72",1100
günstiges handy-abo schweiz unlimitiert internet,other,5,86,"16,48",1000
swisscom abo,semibrand,1,250,"23,59",2900
swisscom internet,semibrand,1,223,"25,56",2900
yallo black,semibrand,9,1390,"8,62",3000
sunrise mobile,semibrand,0,10,11,2800
wingo cockpit,other,0,10,14,900
internet geschwindigkeit test,other,0,10,,900
internet anbieter schweiz,other,1,209,"16,9",900
internetgeschwindigkeit testen,other,0,10,,800
wingo fair flat,other,1,602,"8,78",800
salt internet,semibrand,3,1550,"7,32",2400
wingo europe,other,4,1013,"7,26",800
internet und tv abo,other,4,343,"19,6",800
swisscom prepaid,semibrand,0,10,,2300
glasfaser verfügbarkeit,other,0,10,,700
internet geschwindigkeit,other,0,10,44,700
swisscom netzabdeckung,other,1,560,"13,21",700
internet tv abo,other,2,246,"28,9",700
günstiges handy abo,other,4,635,"14,71",700
wingo abonnement,other,4,10,9,700
yallo prepaid,semibrand,0,37,"34,96",2000
m budget internet,semibrand,2,205,"14,43",2000
handyabo,other,23,1008,"7,6",800
mobile abo vergleich,other,28,1659,"5,54",800
handy abos,other,17,926,"10,39",700
yallo mobile,semibrand,2,887,"9,15",1800
yallo netz,other,2,858,"8,13",600
günstige handy abos,other,4,894,"10,84",600
salt abonnement,semibrand,2,10,14,1700
salt mobile,brand,7,3683,"7,68",8600
internet abo vergleich,other,11,724,7,600
home internet,other,0,31,"21,35",500
internetanbieter schweiz,other,1,286,"28,86",500
tv und internet abo,other,1,265,"15,15",500
tv internet abo,other,1,220,"19,67",500
5g abdeckung schweiz,other,20,403,"4,79",600
yallo black plus,semibrand,5,356,"8,85",1500
m budget abo,semibrand,0,10,10,1400
sunrise angebote für bestehende kunden,other,0,10,24,450
prepaid karte,other,0,10,,450
sunrise shop basel,other,0,10,,450
m budget,brand,1,153,"16,8",6800
swisscom prepaid aufladen,semibrand,0,10,,1300
salt europe max,semibrand,1,443,"11,43",1300
salt home,semibrand,2,558,"10,38",1300
mobile abo aktion,other,5,162,"15,49",450
wingo mobile,brand,11,4386,"8,29",7200
wingo internet,semibrand,4,704,"11,88",1300
netzabdeckung sunrise,other,7,626,"7,41",450
m-budget mobile,brand,0,391,"18,74",6100
handyvertrag schweiz,other,0,190,"24,63",400
abonnement mobile,other,0,167,"48,37",400
tv anbieter schweiz,other,0,10,18,400
prepaid handy,other,0,10,36,400
spotify abos,other,0,10,,400
wingo aktion,other,0,10,20,400
prepaid sim card switzerland,other,0,10,,400
prepaid sim karte schweiz,other,0,10,90,400
talk talk abo,semibrand,1,1243,"11,18",1200
abonnement internet,other,2,10,9,400
wingo handy abo,semibrand,3,1229,"7,8",1200
abonnement wingo,other,3,10,7,400
wingo swiss pro,semibrand,3,1323,"7,89",1100
swisscom action,other,0,10,,350
sky abo schweiz,other,0,10,,350
wlan zuhause,other,0,10,19,350
talktalk,brand,5,3406,"7,14",5600
handy abo angebote,other,1,356,"9,4",350
swisscom handy-abo preise,other,1,88,"9,87",350
wingo kassensturz,other,1,33,"13,24",350
sunrise mobile abo,semibrand,0,967,"10,02",1000
internet schweiz,other,2,493,"18,4",350
sunrise prepaid aufladen,semibrand,0,10,56,1000
yallo international,other,3,271,"8,15",350
wingo abo aktion,other,4,435,"9,08",350
yallo super fat xxl,other,4,299,"6,36",350
internet für zuhause,other,5,320,"11,12",350
handy abos vergleich,other,7,461,"5,72",350
handy-abo vergleich,other,7,399,5,350
internet vergleich schweiz,other,0,260,"11,6",300
günstiges internet schweiz,other,0,206,"14,17",300
internet tv,other,0,169,"36,61",300
tv abo,other,0,120,"41,17",300
internet home,other,0,25,"20,01",300
günstigstes handy abo,other,0,10,10,300
prepaid karte schweiz,other,0,10,,300
handy abo unlimitiert,other,0,10,23,300
wingo kündigen,other,0,10,13,300
salt esim,other,0,10,,300
wingo europe pro,semibrand,6,1213,"8,69",1000
swisscom mobile abo,semibrand,1,177,"20,63",900
wingo abos,semibrand,2,947,"7,26",900
tv abo vergleich,other,2,10,8,300
handy abo günstig,other,3,558,"13,1",300
mobil abo,other,3,395,"11,5",300
salt netz,other,3,361,"8,17",300
wingo netz,other,19,487,"1,81",400
salt handy abo,semibrand,2,643,"7,38",800
swisscom handy abo,semibrand,2,169,"16,62",800
salt abo mit handy,other,0,163,"7,74",250
bestes handy abo schweiz,other,0,94,"21,36",250
mobiles internet schweiz,other,0,10,64,250
handy günstig,other,0,10,,250
tv angebote,other,0,10,,250
handy aktion,other,0,10,77,250
glasfaser internet,other,0,10,,250
mobilfunkanbieter schweiz,other,0,10,15,250
salt abo kündigen online,other,0,10,25,250
salt abos,semibrand,3,1233,"8,96",800
mobile abos schweiz,other,8,409,"9,79",300
salt internet abo,other,1,383,"5,39",250
abo mobile,other,1,213,"22,82",250
swisscom abo handy,other,1,89,"21,5",250
handy abovergleich,other,2,500,"11,43",250
yallo abo mit handy,other,2,313,"10,84",250
mobile abo schweiz,other,2,235,"17,86",250
talktalk mobile,other,2,10,9,250
yallo mobile abo,other,2,10,8,250
salt tv internet,semibrand,0,139,"14,45",700
yallo handy abo,semibrand,1,816,"9,33",700
handy abo vergleich schweiz,other,11,563,"5,76",300
abo handy,other,4,547,"12,74",250
internet vergleich,other,4,509,"21,67",250
sunrise handy abo,semibrand,1,355,"11,88",700
handy abo mit handy,other,4,340,"12,69",250
swisscom netz,other,4,89,"15,59",250
wingo schweiz,semibrand,2,788,"4,22",700
netzabdeckung salt,other,14,485,"5,03",300
salt prepaid,semibrand,0,10,11,600
swisscom datenpaket,semibrand,0,10,86,600
prepaid swisscom,semibrand,0,10,,600
abonnement tv internet,other,0,10,14,200
mobile anbieter schweiz,other,0,10,24,200
internet und tv,other,0,10,60,200
sunrise netz,other,0,10,18,200
handyvertrag,other,0,10,,200
sunrise glasfaser check,other,0,10,59,200
spotify kosten schweiz,other,0,10,,200
m budget handy abo,other,0,10,15,200
spotify-abo schweiz,other,0,10,,200
mobile daten schweiz,other,0,10,,200
günstiges handy,other,0,10,82,200
salt internet tv,other,0,10,15,200
glasfaseranschluss prüfen,other,0,10,,200
prepaid internet schweiz,other,0,10,67,200
geschwindigkeit internet,other,0,10,53,200
salt home internet,other,0,10,18,200
tv internet,other,0,10,22,200
handy abo sunrise,other,0,10,12,200
salt internet home,other,0,10,12,200
unlimitiert abo,other,0,10,68,200
yallo abo aktion,other,1,307,"9,85",200
internet anbieter,other,1,209,"19,22",200
swisscom handy-abo aktion,other,1,68,"14,46",200
internet zuhause schweiz,other,1,64,"19,99",200
talk talk,brand,2,1130,"18,37",3000
yallo welches netz,other,2,567,"8,19",200
yallo schweiz,other,2,533,"4,43",200
internet zuhause,other,10,487,"7,6",250
internet anschluss,other,2,10,3,200
internet für zuhause schweiz,other,2,10,8,200
handy abo salt,other,2,10,7,200
wingo angebote,semibrand,3,786,"7,08",600
mobile abos,other,3,273,"18,02",200
handyabos,other,3,243,18,200
handy abos schweiz,other,4,416,"10,11",200
wingo swiss,semibrand,0,699,"8,38",500
abo vergleich,other,5,450,"13,02",200
sunrise abo angebote,semibrand,0,257,"13,78",500
salt mobile abo,semibrand,1,630,"8,83",500
mobil abo vergleich,other,7,420,"5,64",200
mobile abo vergleich schweiz,other,0,213,"5,08",150
internet und tv abo-vergleich schweiz,other,0,168,"10,1",150
sunrise 5g abdeckung,other,0,168,"9,02",150
günstiges internet,other,0,138,"25,78",150
sunrise abo unlimitiert,other,0,80,"9,58",150
talk talk mobile,other,0,63,"11,75",150
sunrise angebote handy,other,0,58,"32,17",150
sunrise abo handy,other,0,52,"14,7",150
wingo handy,semibrand,3,10,8,500
prepaid sim,other,0,10,,150
günstigstes handy abo schweiz,other,0,10,,150
prepaid sim-karte schweiz,other,0,10,,150
prepaid vergleich schweiz,other,0,10,38,150
swisscom mobile abos,other,0,10,16,150
budget mobile abo,other,0,10,10,150
m-budget prepaid aufladen,other,0,10,,150
swisscom mobile-abo übersicht,other,0,10,17,150
m budget mobile maxi,other,0,10,18,150
handy-abo unlimitiert schweiz und europa,other,0,10,19,150
tv angebot,other,0,10,,150
mobile internet schweiz,other,0,10,25,150
handy aufladen swisscom,other,0,10,,150
yallo guthaben abfragen,other,0,10,19,150
handy abo unlimitiert internet,other,0,10,24,150
bestes netz schweiz,other,0,10,10,150
wingo mobile abo,semibrand,1,618,"7,49",450
mobil abo schweiz,other,1,212,"10,15",150
yallo abo unlimitiert,other,1,198,"8,88",150
handy abo wingo,other,1,194,"7,09",150
handyabo vergleich,other,1,192,"6,11",150
günstigstes internet schweiz,other,1,168,"16,54",150
internet tv vergleich,other,1,150,"27,33",150
günstiges handy-abo swisscom,other,1,97,"9,54",150
günstiges internet für zuhause schweiz,other,1,90,"16,35",150
sunrise abdeckung,other,1,10,8,150
yallo top europe,semibrand,5,667,"7,29",500
talk talk erfahrungen,other,2,208,"8,72",150
günstige mobile abo,other,2,194,"13,74",150
salt abdeckung,other,2,166,"6,7",150
internet-abo zuhause,other,2,152,"8,07",150
yallo abonnement,semibrand,0,148,"9,92",400
wingo erfahrung,other,2,77,"15,43",150
m-budget abo,semibrand,0,10,12,400
salt angebote handy,other,2,10,7,150
handyabo schweiz,other,2,10,4,150
salt aktion,other,2,10,8,150
günstige handy abo schweiz,other,2,10,6,150
abonnement yallo,other,2,10,8,150
yallo handy,other,2,10,9,150
handyabo kinder,other,2,10,3,150
yallo superfat xxl,semibrand,3,463,"8,09",450
abo mit handy,other,3,445,"11,97",150
wingo netzabdeckung,other,11,296,"5,17",200
internet abos,other,3,233,"9,46",150
handy-abo mit handy,other,3,158,"9,59",150
yello telefon,other,3,144,"2,84",150
yallo angebote,semibrand,2,334,"8,03",400
internetabo,other,4,195,"5,3",150
sunrise internet abo,semibrand,0,129,"14,34",350
yallo netzabdeckung,other,12,124,"3,56",200
wingo abo,brand,49,11426,"8,37",6600
talktalk netz,other,6,176,"1,73",150
mobil abo vergleich schweiz,other,0,225,"6,49",100
internet angebote schweiz,other,0,109,"22,21",100
m-budget mobile abo,other,0,93,"15,07",100
tv und internet-abo-vergleich schweiz,other,0,77,"9,07",100
m budget tv internet,other,0,74,"30,62",100
handyanbieter schweiz,other,0,62,"22,33",100
sunrise up mobile m,semibrand,0,10,21,300
internet fernsehen,other,0,10,50,100
wingo esim,other,0,10,,100
prepaid sim card,other,0,10,,100
sunrise handy abo angebote,other,0,10,10,100
sunrise angebot,other,0,10,12,100
swisscom handy abo kündigen,other,0,10,26,100
sunrise aktion,other,0,10,15,100
swisscom jugendabo,other,0,10,14,100
m budget mobile kündigen,other,0,10,15,100
prepaid abo,other,0,10,20,100
offre swisscom mobile,other,0,10,20,100
unlimitiertes abo,other,0,10,58,100
m.budget mobile,other,0,10,47,100
handytarife schweiz,other,0,10,15,100
handy abo weltweit unlimitiert,other,0,10,31,100
handy anbieter schweiz,other,0,10,24,100
abonnement tv,other,0,10,66,100
internet angebote,other,1,155,"27,16",100
günstig mobile abo,other,1,152,"9,68",100
talktalk abo,other,1,131,"9,48",100
günstigste handy abo schweiz,other,1,122,"14,1",100
internet schweiz vergleich,other,0,118,"10,81",90
internetanbieter vergleich schweiz,other,1,105,"10,63",100
sunrise handy-abo angebote,other,1,84,"10,66",100
internet tv angebote,other,0,39,"25,63",90
swisscom handy-abo unlimitiert,other,0,25,"16,7",90
bestes handynetz schweiz,other,0,10,13,90
swisscom prepaid kaufen,other,0,10,,90
prepaid handy schweiz,other,0,10,31,90
mobile prepaid,other,0,10,87,90
handy vertrag schweiz,other,1,26,"32,45",90
swisscom angebote handy,other,2,10,9,100
günstiges handy abo swisscom,other,2,10,8,100
home internet switzerland,other,2,10,9,100
handy abo swisscom netz,other,3,96,"7,61",100
tv und internet angebote,other,0,11,"21,39",80
salt angebot,other,2,10,5,90
offre sunrise mobile,other,0,10,13,80
internet glasfaser,other,0,10,87,80
festnetz abo,other,0,10,,80
wingo aktionen,other,0,10,24,80
tv und internet,other,0,10,91,80
guthaben abfragen sunrise,other,0,10,27,80
prepaid handy aufladen,other,0,10,,80
abo vergleich schweiz,other,3,206,"7,94",90
salt 5g abdeckung,other,3,144,"8,81",90
handy abo yallo,other,1,75,"8,68",80
abo internet,other,1,40,"11,13",80
handy abo vergleichen,other,2,310,"11,31",80
internet abo vergleich schweiz,other,2,304,"8,28",80
internet-abo,other,2,95,"7,66",80
yallo international abo,other,2,82,"6,47",80
internet anbieter schweiz vergleich,other,2,10,8,80
sunrise kombi abo,other,2,10,9,80
tv anbieter,other,0,10,37,70
mobile abo unlimitiert,other,0,10,30,70
schweiz internet,other,0,10,14,70
swisscom abo angebote,other,0,10,17,70
internet abo sunrise,other,0,10,13,70
sunrise handy angebote,other,0,10,32,70
swisscom kombi abo,other,0,10,31,70
salt abo angebote,other,1,105,"9,69",70
5g netz schweiz,other,5,74,"5,47",90
internet abo zuhause,other,1,64,"14,28",70
handy tarife schweiz,other,0,32,"20,78",60
tv abos,other,0,10,31,60
sky schweiz preise,other,0,10,,60
wingo welches netz,other,14,223,"2,11",150
internet home vergleich,other,0,117,"16,25",50
talk talk welches netz,other,2,112,"4,46",70
internet zuhause günstig,other,0,75,"9,74",50
internet-abo-vergleich schweiz,other,0,19,"9,31",50
salt mobile kündigung,other,0,10,22,50
abonnement internet tv,other,0,10,14,50
mobil anbieter schweiz,other,0,10,22,50
handytarife,other,0,10,,50
mbudget handy,other,0,10,19,50
sunrise aktionen,other,0,10,18,50
m budget abo kündigen,other,0,10,14,50
prepaid schweiz vergleich,other,0,10,31,50
abo tv internet,other,0,10,12,50
glasfaser sunrise,other,0,10,,50
yallo netz schweiz,other,3,229,"6,84",70
handy abo schweiz vergleich,other,3,179,"8,53",70
mobile abo swisscom netz,other,3,87,"10,51",70
internet günstig schweiz,other,2,10,9,60
salt mobile abos,other,2,10,8,60
salt aktionen,other,0,87,"9,78",40
günstiges internet für zuhause,other,0,43,"13,27",40
salt kündigung nummer,other,0,10,18,40
m-budget abonnement mobile,other,0,10,13,40
tv anschluss plombieren,other,0,10,,40
internet und tv angebote,other,0,10,23,40
m budget guthaben abfragen,other,0,10,,40
internet störung swisscom,other,0,10,,40
swisscom guthabenabfrage,other,0,10,,40
handy-abo-vergleich schweiz,other,3,77,"5,89",50
wingo kombi abo,other,3,74,"4,78",50
yello telefonnummer,other,7,70,"1,34",80
handyabo günstig,other,1,44,"9,48",40
swisscom netz anbieter,other,26,326,"2,88",200
internet tv abo vergleich,other,0,69,"8,77",30
salt netzabdeckung schweiz karte,other,2,68,"6,02",40
yallo welcher anbieter,other,0,30,1,10
vergleich internetanbieter schweiz,other,0,28,"11,07",30
schweizer mobilfunkanbieter,other,0,20,"17,98",30
günstig internet schweiz,other,0,14,"10,51",30
abonnement mobile salt,other,2,10,7,40
abonnement m-budget,other,0,10,12,30
apple tv schweiz,other,0,10,,30
abonnement tv et internet,other,0,10,,30
günstig internet,other,0,10,24,30
m-budget handy abo,other,0,10,14,30
m-budget internet tv,other,0,10,17,30
handy mit vertrag schweiz,other,0,10,13,30
handy abos vergleichen,other,3,108,"7,93",40
swiss flat + roaming s,other,3,87,"4,38",40
wingo swisscom netz,other,5,78,"2,43",50
talktalk erfahrungen,other,1,56,"8,65",30
yallo gehört zu,other,1,54,1,10
anbieter swisscom netz,other,6,47,"1,71",60
swisscom anbieter,other,3,47,"2,26",40
über welches netz läuft wingo,other,1,22,1,10
yello kundendienst,other,1,19,1,10
m-budget mobile-abo,other,0,10,13,20
handy prepaid aufladen,other,0,10,,20
m-budget mobile kündigen,other,0,10,15,20
mobilfunk anbieter schweiz,other,0,10,14,20
handy tarife,other,0,10,49,20
handy-abo unlimitiert,other,0,10,18,20
guthaben abfragen salt,other,0,10,27,20
tv internet anbieter,other,0,10,11,20
guthaben abfragen m budget,other,0,10,,20
internet tv festnetz,other,0,10,68,20
kombi abo tv internet handy,other,0,10,25,20
internet tv anbieter,other,0,10,20,20
handy netzabdeckung schweiz,other,1,7,1,10
wingo auf welchem netz,other,1,6,1,10
netz abdeckung schweiz,other,1,2,1,10
netzabdeckung mein standort,other,1,1,1,10
netzabdeckung anbieter karte,other,1,1,1,10
salt kundendienst,other,0,574,"12,51",10
wingo swiss plus,other,0,550,"9,25",10
budget mobile,other,0,479,"18,04",10
blue internet m,other,0,363,"7,7",10
wingo angebot,other,0,307,"8,93",10
sunrise abos,other,0,277,"11,24",10
handy vergleich,other,0,255,"36,57",10
yallo abos,other,0,234,"10,05",10
yallo internet mobile,other,0,216,"3,51",10
beste handy abo schweiz,other,0,214,"12,22",10
handy abo preisvergleich,other,0,208,"12,21",10
wingo internet und tv,other,0,205,"12,14",10
salt europe xxl,other,0,202,"13,05",10
handyabos vergleichen,other,0,201,"13,96",10
fair flat wingo,other,0,194,"8,36",10
swisscom angebote,other,0,169,"27,77",10
wingo home,other,0,168,"3,93",10
swisscom mobile,other,0,159,"25,74",10
wingo europa,other,0,157,"8,41",10
günstige mobile abos,other,0,157,"8,61",10
yallo tv,other,0,156,"34,92",10
internetanbieter,other,0,151,"15,28",10
abo für handy,other,0,135,"15,83",10
up connect l,other,0,132,"7,91",10
up mobile l sunrise,other,0,132,"10,15",10
sunrise mobile l,other,0,131,"10,16",10
internet preisvergleich,other,0,123,"31,58",10
swiss xxl,other,0,115,"9,45",10
swisscom internet s,other,0,113,"17,58",10
günstiges handyabo,other,0,107,"12,88",10
europe xxl,other,0,106,"9,26",10
swisscom blue internet s,other,0,104,"8,93",10
telefonanbieter schweiz,other,0,102,"34,69",10
salt abo kündigen,other,0,101,"29,04",10
internet provider,other,0,99,"14,62",10
internetvergleich,other,0,98,"15,08",10
sunrise up home l,other,0,93,"11,82",10
yallo roaming europa,other,0,92,"9,44",10
internet salt,other,0,90,"7,06",10
bestes handynetz für meinen wohnort,other,0,90,"30,24",10
yallo shop,other,0,89,"48,98",10
roaming yallo,other,0,89,"9,33",10
abos schweiz,other,0,88,"13,69",10
mobile angebote schweiz,other,0,88,"23,2",10
wingo bewertung,other,0,86,"16,11",10
5g schweiz karte,other,0,81,"7,81",10
smart swiss salt,other,0,81,"10,32",10
swiss max salt,other,0,80,"11,05",10
smartphone abo,other,0,78,29,10
yallo handyabo,other,0,77,"8,64",10
wingo home internet,other,0,77,"8,83",10
blue mobile m preis,other,0,77,"8,23",10
yallo europa länder,other,0,76,"9,85",10
sunrise yallo,other,0,73,"6,25",10
yallo 5g,other,0,72,"11,39",10
salt europe data,other,0,71,"10,77",10
internetanschluss schweiz,other,0,71,"17,37",10
m budget tv,other,0,71,"36,64",10
mobilfunk netzabdeckung,other,0,68,"39,23",10
abo swisscom,other,0,67,"23,73",10
schweiz internet vergleich,other,0,67,12,10
yallo angebote handy,other,0,66,"9,64",10
sunrise netzabdeckung schweiz,other,0,65,"7,65",10
talk talk abo erfahrungen,other,0,64,"8,1",10
wingo datenpaket,other,0,64,"12,45",10
"handy internet, tv-abo vergleich",other,0,64,"9,78",10
auf welchem netz ist yallo,other,0,64,"6,99",10
sunrise up home xl,other,0,64,"7,18",10
sunrise antennenstandorte,other,0,64,"10,89",10
swisscom handy angebote,other,0,63,"21,44",10
nur internet abo,other,0,60,"18,29",10
talktalk swiss flat + roaming s,other,2,59,"4,7",30
wingo mobil,other,0,59,"7,11",10
yallo anbieter,other,0,59,"1,01",10
talk talk telefonnummer,other,0,58,"5,62",10
internet abo günstig,other,0,58,"9,13",10
mobil abos schweiz,other,0,57,"18,26",10
internet tv vergleich schweiz,other,0,55,"9,79",10
tv abos vergleich,other,0,54,"9,96",10
yallo handy angebote,other,0,54,"14,29",10
salt mobil abo,other,0,54,"7,97",10
swisscom wingo,other,0,53,"9,7",10
yallo tarife,other,0,53,"20,3",10
gehört yallo zu sunrise,other,0,53,"1,82",10
günstigstes mobile abo schweiz,other,0,52,"13,27",10
salt empfang,other,0,52,"8,05",10
yello ch,other,0,51,"5,42",10
sunrise mobilfunk,other,0,51,"5,84",10
wingo handy angebote,other,0,50,"9,07",10
yallo bewertung,other,0,50,"13,11",10
up mobile l länderliste,other,0,50,"9,03",10
salt surf unlimited,other,0,50,"10,85",10
yallo datenpaket ausland kaufen,other,0,49,"7,63",10
internetabo vergleich,other,0,49,"7,52",10
nur internet-abo zuhause,other,0,49,"10,51",10
mobilfunknetz,other,0,49,"38,83",10
internetabos,other,0,48,"13,59",10
salt handyvertrag,other,0,48,"14,73",10
salt travel max,other,0,47,"19,37",10
wingo internet erfahrungen,other,0,43,"23,01",10
up internet m,other,0,43,"7,11",10
yallo black start,other,0,43,"8,16",10
swisscom aktionen handy,other,0,42,"27,85",10
internet abonnement,other,0,42,"35,38",10
ist yallo gut,other,0,42,"6,44",10
wingo .ch,other,0,41,"5,92",10
swisscom vertrag,other,0,40,"25,42",10
swisscom abos handy,other,0,40,"20,3",10
wingo handy kaufen,other,0,39,"12,24",10
wingo internet plus,other,0,39,"7,72",10
yallo europa,other,0,39,"10,27",10
5g netz karte,other,0,39,"29,79",10
handy-abo-vergleich,other,0,38,"6,43",10
abdeckungskarte,other,0,38,"1,6",10
salt roaming,other,0,38,"31,74",10
mobile l,other,0,38,"8,59",10
yallo salt,other,0,37,"4,08",10
internet und tv abo vergleich,other,0,37,"6,34",10
abo yallo,other,0,37,"9,21",10
talktalk welches netz,other,0,36,"5,21",10
wingo bewertungen,other,0,36,"9,96",10
yallo go s,other,0,36,"10,93",10
handy abo vergleich ch,other,0,36,"8,85",10
abdeckung sunrise,other,0,36,"9,4",10
netzabdeckung salt vs swisscom,other,0,36,"7,75",10
swisscom datenabo,other,0,35,"14,33",10
salt handy abo mit gerät,other,0,35,"4,37",10
wingo kündigungsfrist,other,0,34,"13,46",10
abos vergleichen,other,0,34,"11,52",10
yallo home cable m,other,0,33,"7,3",10
internet und mobile abo schweiz,other,0,33,"10,07",10
yallo black plus länder,other,0,32,"8,04",10
talktalk all in,other,0,32,"8,89",10
wingo flat,other,0,31,"10,53",10
wingo promo,other,0,31,"28,58",10
handy mit abo kaufen,other,0,31,"25,28",10
schweiz handy abo vergleich,other,0,31,"5,35",10
salt abo handy,other,0,31,"7,29",10
salt aktion abo,other,0,31,"9,73",10
wingo internet start,other,0,30,"7,64",10
yallo abo pausieren,other,0,30,"6,9",10
handyvertrag vergleich schweiz,other,0,30,"11,94",10
internet zu hause vergleich,other,0,30,"28,65",10
erfahrungen mit wingo,other,0,30,"16,3",10
europe xl,other,0,30,"10,76",10
internetanschluss vergleich,other,0,30,"31,26",10
handy abdeckung schweiz,other,2,29,1,10
swisscom tv m,other,0,29,"16,09",10
wingo preise,other,0,29,"9,34",10
yallo shop standorte,other,0,28,"20,94",10
yallo superfat xxl länder,other,0,28,"5,96",10
up tv l,other,0,28,"9,55",10
handy abos sunrise,other,0,28,"15,02",10
internet billig schweiz,other,0,28,"15,54",10
"internet, tv-abo vergleich",other,0,28,"7,61",10
post handy abo,other,0,28,"68,2",10
swisscom wingo abo,other,0,27,"6,06",10
wingo 69,other,0,27,"7,69",10
yallo abo handy,other,0,27,"9,11",10
yallo black roaming,other,0,27,"8,93",10
top europe yallo,other,0,27,"7,36",10
sunrise netz abdeckung,other,0,27,"7,39",10
ist wingo gut,other,0,27,"4,65",10
yallo max fiber,other,0,26,"7,29",10
wingo abo abschliessen,other,0,26,"7,32",10
beste handy abos schweiz,other,0,26,"11,58",10
datenpaket yallo,other,0,26,"8,57",10
sunrise abdeckung karte,other,0,26,"7,91",10
mobil budget,other,0,26,"9,03",10
netz salt,other,0,26,"9,37",10
swisscom tv und internet,other,0,25,"24,22",10
schweiz internet anbieter,other,0,25,"10,07",10
wingo internet max,other,0,24,"9,32",10
internet vergleiche,other,0,24,"36,93",10
5g empfang testen,other,0,24,"27,17",10
handy abo günstig schweiz,other,0,24,"10,66",10
wingo festnetz,other,0,23,"17,13",10
wingo europe pro promo,other,0,23,"9,65",10
swisscome abos,other,0,23,"8,74",10
yello telefonanbieter,other,0,23,"1,76",10
swiss flat,other,0,23,"16,46",10
sunrise vs swisscom netzabdeckung,other,0,23,"9,07",10
yallo datenpaket kaufen,other,0,23,"8,16",10
happy home giga,other,0,23,"11,54",10
internet-abo vergleich schweiz,other,0,23,"7,6",10
neues handy mit abo,other,0,23,"18,06",10
telefon abo vergleich schweiz,other,0,22,"8,94",10
yallo black roaming länder,other,0,22,"8,91",10
handynetz,other,0,22,4,10
handy abo angebote schweiz,other,0,22,"7,84",10
sunrise störung,other,0,22,"6,03",10
sunrise mobile up l,other,0,22,"9,75",10
telefon vergleich,other,0,21,"42,22",10
handy abo schweiz günstig,other,0,21,"10,28",10
swisscom angebote tv internet,other,0,20,"22,83",10
vergleich tv internet anbieter,other,0,20,"9,1",10
up tv l sunrise,other,0,20,"12,18",10
handy abos salt,other,0,20,"7,18",10
internet abo zu hause,other,0,20,"8,36",10
handy abo vergleichen schweiz,other,0,20,"6,9",10
sunrise telefon schweiz,other,0,20,"4,9",10
schweiz mobile abo vergleich,other,0,20,"6,07",10
lte netz schweiz,other,0,20,"7,05",10
swiss max abo,other,0,19,"9,86",10
yallo unlimitiert,other,0,19,"10,54",10
wingo abo vergleich,other,0,19,"6,66",10
sunrise telefonanbieter,other,0,19,"4,63",10
sunrise empfang karte,other,0,19,"8,93",10
netzvergleich schweiz,other,0,19,"6,14",10
swiss max,other,0,18,"13,76",10
wingo swiss pro geschwindigkeit,other,0,18,"8,09",10
abo günstig,other,0,18,"10,07",10
handy abo talktalk,other,0,18,"8,28",10
salt sim karte aktivieren,other,0,18,"17,08",10
salt internet schweiz,other,0,18,"4,79",10
yallo telefonnummer,other,0,17,"5,88",10
telefonnetz schweiz,other,0,17,"5,4",10
inone mobile premium,other,0,17,"46,4",10
internet abo zuhause schweiz,other,0,17,"9,98",10
handy abo ch,other,0,17,"10,23",10
handynetz schweiz karte,other,2,16,"1,14",30
swisscom internet-abo preise,other,0,16,"19,85",10
yallo kombi angebote,other,0,16,"5,02",10
travel max salt,other,0,16,"20,7",10
handy angebote vergleich,other,0,16,"77,96",10
internet zürich vergleich,other,0,16,"8,39",10
internet home angebote,other,0,16,"9,94",10
günstiges internet abo,other,0,16,"9,32",10
salt prepaid internet aktivieren,other,0,16,"11,74",10
salt rechnung,other,0,16,"59,08",10
salt europa,other,0,16,"12,73",10
sunrise home xl,other,0,16,"4,73",10
yallo usa,other,0,15,"8,91",10
yallo aktion,other,0,15,"17,44",10
von swisscom zu wingo wechseln,other,0,15,"18,5",10
up mobile m,other,0,15,"14,11",10
haus internet,other,0,15,"12,13",10
home internet angebote,other,0,15,"10,15",10
billigstes internet schweiz,other,0,15,"13,56",10
salt mobile abo angebote,other,0,15,7,10
wingo mobile internet,other,0,14,"3,07",10
yallo xxl fat,other,0,14,"5,22",10
dsl internet,other,0,14,"68,02",10
salt kombi angebote,other,0,14,"6,83",10
sunrise bewertung,other,0,14,"50,56",10
mobil abo aktion,other,0,14,"13,63",10
m-budget abo aktion,other,0,14,"25,19",10
wlan schweiz vergleich,other,0,13,"8,21",10
swisscom günstiges abo,other,0,13,"10,33",10
wlan vergleich schweiz,other,0,13,"8,79",10
handy geschäftskunden,other,0,13,"75,71",10
home internet schweiz,other,0,13,"15,42",10
abo vergleich handy,other,0,13,"5,47",10
abovergleich handy schweiz,other,0,13,"7,38",10
salt prepaid tarife,other,0,13,"11,97",10
salt europe xxl welche länder,other,0,13,"22,9",10
wingo fair flat erfahrungen,other,0,12,"16,56",10
swisscom netz abo,other,0,12,"8,81",10
yallo kassensturz,other,0,12,"4,5",10
vergleichsportal internet,other,0,12,"50,73",10
tarife swisscom,other,0,12,"25,03",10
4g abdeckung schweiz,other,0,12,"3,36",10
erfahrungen wingo,other,0,12,"12,86",10
m budget tv erfahrungen,other,0,12,"30,64",10
provider internet,other,0,12,"12,36",10
post mobile welches netz,other,0,12,"5,92",10
quickline,other,0,12,"5,65",10
netzverfügbarkeit prüfen,other,0,12,"36,08",10
wingo datenvolumen,other,0,11,"8,34",10
swisscom tochtergesellschaften,other,0,11,"17,59",10
swisscom abo tv internet festnetz,other,0,11,"20,42",10
yallo super fat xxl erfahrungen,other,0,11,"10,12",10
salt mobile abdeckung,other,0,11,"6,85",10
mobile abo schweiz vergleich,other,2,10,3,30
abos salt,other,2,10,9,30
vergleich internet schweiz,other,2,10,4,30
salt handy angebote,other,2,10,8,30
abonnement salt mobile,other,2,10,7,30
internetanbieter schweiz vergleich,other,2,10,7,30
handyabo salt,other,2,10,5,30
internet + tv angebote,other,0,10,21,10
abo unlimitiert,other,0,10,33,10
handy abo unlimitiert schweiz und europa,other,0,10,20,10
m budget mobile guthaben abfragen,other,0,10,58,10
m-budget tv internet,other,0,10,11,10
wingo swisscom-netz,other,2,5,1,10
salt tv,other,1,1056,"8,46",10
up mobile l,other,1,841,"8,49",10
salt schweiz,other,1,828,"9,71",10
blue mobile l,other,1,548,"8,33",10
yallo roaming,other,1,363,"9,99",10
sunrise internet,other,1,316,"18,26",10
sunrise angebote,other,1,302,"12,78",10
yallo swiss flat,other,1,281,"11,87",10
sunrise up mobile l,other,1,278,"10,8",10
sunrise schweiz,other,1,270,"8,64",10
salt swiss xxl,other,1,258,"11,37",10
mobile abo vergleichen,other,1,243,"13,26",10
up mobile xl,other,1,234,"7,3",10
yallo sunrise,other,1,222,"4,45",10
mobil abos,other,1,215,"16,78",10
salt angebote für bestehende kunden,other,1,214,"6,97",10
wingo tv,other,1,213,"18,6",10
wingo international,other,1,204,"13,51",10
yallo netzbetreiber,other,1,198,"6,04",10
günstig handy abo,other,1,195,"9,67",10
yallo angebot,other,1,191,"8,51",10
sunrise up mobile xl,other,1,188,"8,45",10
internet anbieter vergleich,other,1,188,"35,18",10
wingo telefonnummer,other,1,187,"10,44",10
mobile abo günstig,other,1,182,"20,24",10
handy abos günstig,other,1,176,"8,4",10
salt europe xl,other,1,166,"10,42",10
handyabovergleich,other,1,161,"7,38",10
handyvertrag schweiz vergleich,other,1,150,"13,97",10
salt netzabdeckung karte,other,1,147,"6,92",10
yallo home max fiber,other,1,145,"7,71",10
günstige handy abo,other,1,144,"14,2",10
günstiges mobile abo,other,1,143,"10,67",10
yallo erfahrungen,other,1,136,"15,13",10
internet-abo schweiz,other,1,133,"9,81",10
swisscom 5g abdeckung,other,1,132,"9,7",10
internetanbieter vergleich,other,1,130,"37,38",10
abo wingo,other,1,129,"10,25",10
salt smart swiss,other,1,126,"10,3",10
wlan abo,other,1,116,"14,15",10
abo salt,other,1,113,"8,79",10
mobile abos vergleich,other,1,110,"7,43",10
abo handy schweiz,other,1,109,"13,14",10
salt swiss max,other,1,108,"10,99",10
5g abdeckung,other,3,107,"13,93",30
wingo handyabo,other,1,106,"9,69",10
swisscom internet abo,other,1,100,"17,84",10
abo schweiz,other,1,100,"12,45",10
europe max,other,1,98,"10,54",10
netzabdeckung vergleich,other,1,96,"53,4",10
sunrise up home m,other,1,95,"8,2",10
yallo internet und tv,other,1,94,"23,69",10
wingo europe pro aktion,other,1,91,"9,68",10
wingo abo tv internet,other,1,91,"10,78",10
internet zu hause,other,1,91,"12,66",10
internet abo aktion,other,1,90,"9,41",10
günstige abo handy,other,1,89,"16,89",10
handy abo im vergleich,other,1,86,"9,64",10
wingo abo tv,other,1,85,"11,49",10
handy-abo-vergleich ch,other,1,83,"7,78",10
talk talk netzanbieter,other,1,82,"5,75",10
günstiges abo,other,1,81,"16,26",10
wingo tv und internet,other,1,79,"15,7",10
vergleich mobile abo,other,1,79,"10,18",10
yallo handy kaufen,other,1,79,"15,26",10
vergleich mobile abo schweiz,other,1,76,"5,76",10
sunrise netzabdeckung karte,other,1,75,"7,49",10
sunrise up connect m,other,1,74,"6,37",10
talk talk netz,other,1,72,"2,23",10
handy vergleich schweiz,other,1,71,"11,21",10
handy-abo europa vergleich,other,1,67,"6,5",10
handy abonnement,other,1,67,"11,94",10
internet abos vergleich,other,1,66,"6,95",10
mobile abos vergleichen,other,1,65,"9,18",10
billige handy abo,other,1,64,"12,55",10
salt bewertung,other,1,64,"13,93",10
yallo telefon,other,1,63,"10,51",10
handyabo vergleichen,other,1,63,"10,63",10
wingo mobile erfahrungen,other,1,62,"15,99",10
yallo telefonnummer gratis,other,1,62,"9,04",10
handynetz schweiz,other,1,62,"6,2",10
migros mobile abo,other,1,62,"19,81",10
wingo familien abo,other,1,61,"7,08",10
handy angebote schweiz,other,1,60,"12,03",10
yallo contact,other,1,59,"12,51",10
abovergleich schweiz,other,1,58,"7,95",10
wingo rezensionen,other,1,57,"11,85",10
handy-abo,other,1,57,"8,83",10
netzabdeckung sunrise vs swisscom,other,1,55,"9,81",10
salt rezensionen,other,1,53,"9,35",10
handy netzabdeckung,other,1,52,"29,65",10
up connect m sunrise,other,1,50,"5,17",10
internet abo schweiz vergleich,other,1,50,"9,07",10
5g netzabdeckung karte,other,1,50,"23,4",10
up home m sunrise,other,1,49,"7,99",10
was ist wingo,other,1,49,"7,24",10
yallo swisscom netz,other,1,48,"4,65",10
5g netz schweiz karte,other,1,47,"2,66",10
handyvergleich schweiz,other,1,45,"9,81",10
mobile abo angebote,other,1,45,"23,6",10
wingo shop zürich,other,1,44,"7,09",10
abos handy,other,1,44,"7,98",10
mobile vergleich,other,1,44,"7,29",10
wingo international promo,other,1,43,"9,75",10
netz schweiz,other,1,43,"4,98",10
netzabdeckung prüfen plz,other,1,43,"26,22",10
yello abo,other,1,42,"9,38",10
yallo black türkei,other,1,42,"8,17",10
netz yallo,other,1,42,"5,99",10
wingo erfahrungen,other,1,41,"14,33",10
sunrise up mobile l preis,other,1,41,"5,93",10
salt mobile angebote,other,1,41,"7,42",10
salt kombi abo,other,1,41,"5,49",10
sunrise abdeckung schweiz,other,1,41,"7,98",10
travel max,other,1,40,"10,01",10
internet home abo,other,1,40,"10,93",10
salt anbieter,other,1,40,"2,21",10
yallo internationale anrufe kosten,other,1,39,"8,32",10
wingo tv erfahrung,other,1,39,"16,24",10
yallo bewertungen,other,1,39,"10,89",10
abdeckung salt,other,1,39,"6,35",10
salt bewertungen,other,1,39,"10,13",10
nur internet-abo schweiz,other,1,39,"15,54",10
handy abos angebote,other,1,38,"7,13",10
telefon abo schweiz,other,1,37,"12,31",10
abo angebote,other,1,37,"13,5",10
was ist yallo,other,1,36,"1,01",10
handy abo mit swisscom netz,other,3,34,"7,36",30
swisscom mobile m,other,1,34,"24,14",10
internet abo home,other,1,34,"8,26",10
salt netzabdeckung schweiz,other,1,34,"6,66",10
salt digital swiss xxl,other,1,34,"10,61",10
handyabo vergleich schweiz,other,1,33,"4,84",10
home max fiber,other,1,33,"6,14",10
yallo 5g abdeckung,other,5,32,"4,78",40
wingo mobile welches netz,other,1,32,"2,24",10
wingo google rezensionen,other,1,32,"11,77",10
yallo fat xxl,other,1,32,"5,9",10
5g verfügbarkeit,other,1,32,"53,61",10
sunrise störungen,other,1,32,"4,24",10
netzabdeckung salt schweiz,other,1,32,"5,89",10
yallo google bewertung,other,1,31,"10,38",10
up home xl,other,1,31,"4,48",10
internet abo für zuhause,other,1,31,"8,51",10
salt netz abdeckung,other,1,31,"5,4",10
salt europe xxl angebot,other,1,31,"9,98",10
mobile abos schweiz vergleich,other,1,31,"6,18",10
mobilfunk vergleich,other,1,31,"29,52",10
up home xl sunrise,other,1,30,"5,2",10
wingo zürich,other,1,29,"4,47",10
yallo empfang,other,1,29,"5,49",10
internet anbieter vergleich schweiz,other,1,29,"10,38",10
handy abo europa,other,1,29,"23,77",10
sunrise anbieter,other,1,29,"2,15",10
mobilabo,other,1,29,"11,54",10
handy abos schweiz vergleich,other,1,28,"5,36",10
datenabo swisscom netz,other,1,28,"5,04",10
wingo international aktion,other,1,27,"9,11",10
swisscom handy-abo,other,1,27,"14,98",10
yallo gehört zu sunrise,other,1,27,"1,93",10
günstiges handy-abo schweiz unlimitiert internet swisscom,other,1,27,"10,35",10
salt mobile schweiz,other,1,27,"8,15",10
talk talk bewertung,other,1,26,"6,81",10
talk talk all in,other,1,26,"9,27",10
sunrise internet angebote,other,1,26,"10,03",10
home internet abo,other,1,25,"9,35",10
salt europe xxl erfahrung,other,1,25,"10,35",10
günstiges handy abo swisscom netz,other,1,24,"8,3",10
netzabdeckung sunrise karte,other,1,24,"7,78",10
tv internet mobile abo vergleich,other,1,23,"9,86",10
handy abovergleich schweiz,other,1,23,"8,43",10
mobil vergleich,other,1,23,"49,61",10
wingo abo europa,other,1,22,"9,55",10
handyempfang,other,1,21,"3,03",10
sunrise 4g abdeckung,other,1,21,"10,14",10
wingo langsamer als swisscom,other,1,20,"12,03",10
wingo 5g-netzabdeckung,other,1,20,"5,67",10
sunrise störung heute,other,1,20,"3,68",10
wingo mobile netz,other,1,19,"1,21",10
yallo vs sunrise,other,1,19,"3,69",10
wingo internet und mobile,other,1,19,"3,52",10
die besten handy abos,other,1,19,"10,02",10
yallo internet und tv erfahrungen,other,1,18,"16,62",10
wingo gehört zu swisscom,other,1,18,"7,26",10
salt mobile netzabdeckung,other,1,18,"8,55",10
wingo ag,other,1,17,"8,29",10
handy abo schweiz swisscom netz,other,1,17,"7,84",10
sunrise up internet xl,other,1,17,"7,24",10
mobilfunk schweiz vergleich,other,1,17,"6,67",10
anbieter im swisscom netz,other,1,16,"2,3",10
5g abdeckung karte,other,1,16,"12,96",10
sunrise abo: internet und tv,other,1,16,"20,23",10
swisscom netz welche anbieter,other,1,15,"2,41",10
swisscom netz handy abo,other,1,15,"7,53",10
swisscom netz mobile anbieter,other,1,15,"2,3",10
swisscom alternative,other,1,15,"13,33",10
wingo abdeckung,other,1,15,"4,3",10
talktalk eu us unlimited,other,1,14,"6,59",10
wingo combi angebote,other,1,14,"4,49",10
handy-abo-vergleich kassensturz,other,1,14,"15,6",10
handy abos vergleich schweiz,other,1,14,"4,95",10
home max fiber + tv,other,1,14,"6,19",10
4g netzabdeckung karte,other,1,14,"18,26",10
ist wingo gleich gut wie swisscom,other,1,14,"3,85",10
swisscom vs wingo,other,1,13,"7,89",10
telefon abos schweiz,other,1,13,"9,03",10
telekom anbieter schweiz,other,1,13,"6,34",10
handyvertrag schweiz mit handy,other,1,13,15,10
handy empfang schweiz,other,1,13,"1,07",10
günstige abos schweiz,other,1,13,"10,9",10
salt unlimited surf geschwindigkeit,other,1,13,"7,4",10
netzabdeckung vergleich karte,other,1,13,"26,73",10
5g-netz karte,other,1,11,"15,78",10
sunrise günstiges abo,other,1,11,"8,62",10
karte der internetabdeckung,other,1,11,"39,88",10
post mobile netz,other,1,11,"10,94",10
salt 5g abdeckung schweiz,other,1,11,"5,09",10
mobilfunkabdeckung,other,1,11,"23,19",10
handyabo wingo,other,2,10,5,20
yallo black plus erfahrungen,other,1,10,"10,94",10
sunrise up mobile l länderliste,other,1,9,"12,96",10
internet abdeckung karte,other,1,9,"8,43",10
salt swisscom netz,other,1,9,"4,71",10
salt gigabox erfahrungen,other,1,9,"34,63",10
sunrise roaming länderliste,other,1,9,"26,15",10
wingo 5g abdeckung,other,1,8,"3,61",10
handy-abo swisscom,other,1,8,"14,92",10
handy abo anbieter mit swisscom netz,other,1,8,"2,39",10
karte netzabdeckung,other,1,8,"22,57",10
yallo provider,other,1,7,"1,59",10
salt europe max erfahrungen,other,1,7,"20,65",10
mobilnetz abdeckung,other,1,7,"9,65",10
netzempfang,other,1,6,"5,16",10
netzabdeckung handy,other,1,6,"43,5",10
swisscom partner abo,other,1,5,"8,36",10
walter salchli,other,1,5,"2,5",10
yallo abdeckung,other,1,5,"5,57",10
wingo aktionen 2024,other,1,5,"13,93",10
abdeckung mobilfunknetz,other,1,5,"23,31",10
salt gehört zu,other,1,5,"7,64",10
netz abdeckung,other,1,5,"28,21",10
abo mit swisscom netz,other,1,4,"6,15",10
abdeckung netz,other,1,4,"5,18",10
kann man von swisscom zu wingo wechseln?,other,1,4,"5,62",10
handyempfang karte,other,1,3,"11,1",10
internet tv abo schweiz,other,1,3,"16,2",10
5 g abdeckung,other,1,3,"9,33",10
abdeckung 5g schweiz,other,1,3,"2,75",10
mobile abdeckung schweiz,other,1,3,"1,25",10
sunrise yellow,other,1,2,2,10
yallo coverage,other,1,2,"4,8",10
internet fur zuhause,other,1,2,"10,8",10
mobil abo swisscom,other,1,2,"11,29",10
internet und festnetz abo schweiz,other,1,1,"26,67",10
cablex sunrise,other,1,1,"4,5",10
m-budget mobile mini aktion,other,1,1,18,10
salt angebote,other,2,1087,"9,76",10
blue mobile m,other,2,567,"9,2",10
salt fiber,other,2,537,"13,8",10
wingo swisscom,other,2,409,"8,59",10
twingo mobile,other,2,373,"5,64",10
handy mit abo,other,2,279,"16,75",10
swisscom abos,other,2,234,"19,5",10
mobiltelefon abo,other,2,227,"14,44",10
internet und tv abo-vergleich kassensturz,other,2,155,"17,61",10
telefon abo,other,2,139,"13,71",10
yallo fiber,other,2,131,"8,34",10
schweiz handy abo,other,2,105,"13,32",10
internet-abo aktion,other,2,100,"8,54",10
handy-abo schweiz,other,2,94,"7,56",10
wingo oder swisscom,other,2,86,"6,61",10
up home m,other,2,85,"6,12",10
vergleich handy abo,other,2,80,"4,55",10
handyabos vergleich,other,2,78,"5,62",10
5g karte schweiz,other,2,78,"6,64",10
up connect m,other,2,77,"5,34",10
salt netz anbieter,other,2,76,"4,62",10
sunrise netz anbieter,other,2,68,"7,44",10
yallo super fat xxl aktion,other,2,67,"5,29",10
internet-abo vergleich,other,2,65,"6,26",10
salt abdeckung schweiz,other,2,65,"6,03",10
5g karte,other,2,64,"25,93",10
wingo geschäftskunden,other,2,57,"7,96",10
internet und tv abo-vergleich 2024,other,2,56,"10,27",10
blue internet s (40),other,2,54,"5,73",10
ist yallo sunrise,other,2,52,"1,31",10
netzabdeckung wingo,other,4,49,"4,85",30
wingo aktivierungsgebühr,other,2,46,"5,68",10
netzabdeckung schweiz vergleich,other,2,39,"4,45",10
wingo swiss pro aktion,other,2,38,"9,7",10
wingo 5g netzabdeckung,other,2,37,"6,05",10
handy-abo günstig,other,2,35,"11,74",10
handy abos swisscom netz,other,2,34,"7,18",10
5g netzabdeckung schweiz,other,4,33,"3,92",30
mobile abos swisscom netz,other,2,33,"6,52",10
5g-netz schweiz karte,other,3,31,"2,61",20
yallo netzabdeckung schweiz,other,2,30,"5,64",10
netz wingo,other,2,29,"2,52",10
handy empfang,other,2,28,"25,9",10
mobile anbieter swisscom netz,other,3,25,"2,76",20
wingo tv vs swisscom tv,other,2,23,"12,31",10
abo swisscom netz,other,2,23,"7,91",10
netzabdeckungskarte,other,2,23,"18,39",10
4g netz schweiz,other,3,22,"2,17",20
auf welchem netz ist wingo,other,2,22,"1,36",10
wingo netzabdeckung schweiz,other,2,19,"3,5",10
unterschied wingo swisscom,other,2,18,"2,51",10
swisscom tochterfirma,other,2,13,"2,03",10
mobilabo vergleich schweiz,other,2,10,6,10
handyempfang schweiz,other,3,31,"1,06",10
mobile anbieter mit swisscom netz,other,3,30,"2,11",10
anbieter auf swisscom netz,other,4,29,"1,74",20
handy abos mit swisscom netz,other,3,21,"7,87",10
netzwerkabdeckung,other,3,12,"10,81",10
netzabdeckung karte,other,5,82,"21,65",20
netzabdeckung schweiz vergleich karte,other,10,53,"1,06",50
netzabdeckung yallo,other,8,39,"2,76",40
mobilfunk abdeckung schweiz,other,4,20,"1,58",10
netzabdeckung 5g,other,4,20,"26,98",10
anbieter mit swisscom netz,other,12,103,"2,25",60
mobile netzabdeckung schweiz,other,6,27,"1,1",20
5g netzabdeckung,other,13,255,"28,32",60
mobilfunkabdeckung schweiz,other,7,28,"1,22",20
yallo netzabdeckung karte,other,8,43,"2,77",20
5g abdeckung schweiz karte,other,8,29,"2,28",20
schweiz netzabdeckung,other,8,23,"1,06",10
netzabdeckung,other,29,402,"31,06",150
wingo anbieter,other,12,55,"1,02",30
netzabdeckung schweiz karte,other,15,85,"1,62",40
netzabdeckung schweiz,other,79,318,"1,08",250