Keyword,Volume,Diff.,Rank,URL
m budget mobile,21000,12,41,https://www.alao.ch/de/anbieter/m-budget/
salt mobile,8700,13,4,https://www.alao.ch/de/anbieter/salt/
wingo mobile,6600,3,6,
wingo abo,6000,1,13,https://www.alao.ch/de/anbieter/wingo/
yallo abo,4400,1,8,https://www.alao.ch/de/anbieter/yallo/
sunrise abo,4300,1,4,https://www.alao.ch/de/blogs/sunrise-abo/
handy abo,4200,23,1,https://www.alao.ch/de/vergleichen/handy/
salt abo,4100,0,9,https://www.alao.ch/de/anbieter/salt/
handy abo vergleich,3700,12,2,https://www.alao.ch/de/vergleichen/handy/
yallo internet,3300,1,10,https://www.alao.ch/de/anbieter/yallo/
sunrise mobile,3000,17,11,https://www.alao.ch/de/anbieter/sunrise/
swisscom abo,2900,39,14,https://www.alao.ch/de/anbieter/swisscom/
prepaid sim karte,2400,5,>100,
internet abo,2300,27,14,https://www.alao.ch/de/vergleichen/home/
salt internet,2200,1,18,https://www.alao.ch/de/anbieter/salt/
swisscom prepaid,2200,5,>100,
m budget internet,2100,0,11,https://www.alao.ch/de/anbieter/m-budget/
salt europe max,2100,0,11,https://www.alao.ch/de/vergleichen/handy/salt-europe-max-5119/
yallo mobile,2000,3,7,https://www.alao.ch/de/anbieter/yallo/
yallo prepaid,2000,0,14,https://www.alao.ch/de/blogs/yallo-tarife-im-uberblick-abo-prepaid-und-internet/
salt abonnement,1800,4,8,https://www.alao.ch/de/anbieter/salt/
handy abo schweiz,1700,33,2,https://www.alao.ch/de/vergleichen/handy/
m budget abo,1500,9,10,https://www.alao.ch/de/anbieter/m-budget/
glasfaseranschluss,1500,4,>100,
sunrise netzabdeckung,1400,4,7,https://www.alao.ch/de/abdeckungskarte/
mobile abo,1400,31,49,https://www.alao.ch/de/vergleichen/handy/
salt home,1300,0,12,https://www.alao.ch/de/vergleichen/home/salt-fiber-mobile-discount-1671/?state=initial
swisscom prepaid aufladen,1300,1,>100,
internet abo schweiz,1200,9,19,https://www.alao.ch/de/vergleichen/home/
salt netzabdeckung,1100,1,5,https://www.alao.ch/de/abdeckungskarte/
talk talk abo,1100,1,8,https://www.alao.ch/de/anbieter/talktalk/
sunrise mobile abo,1000,0,9,https://www.alao.ch/de/anbieter/sunrise/
günstiges handy-abo schweiz unlimitiert internet,1000,1,18,https://www.alao.ch/de/vergleichen/handy/
salt handy abo,900,0,7,https://www.alao.ch/de/anbieter/salt/
wingo handy abo,900,1,6,https://www.alao.ch/de/anbieter/wingo/
wingo internet,900,4,10,https://www.alao.ch/de/vergleichen/home/wingo-internet-plus-949/?partner=freiline
salt prepaid,900,0,11,https://www.alao.ch/de/anbieter/salt/
handyabo,800,17,3,https://www.alao.ch/de/vergleichen/handy/
wingo fair flat,800,0,7,https://www.alao.ch/de/vergleichen/handy/wingo-fairflat-2002/?partner=guenstige-handy-abos
swisscom mobile abo,800,6,17,https://www.alao.ch/de/anbieter/swisscom/
swisscom handy abo,800,13,17,https://www.alao.ch/de/anbieter/swisscom/
internet und tv abo,800,24,12,https://www.alao.ch/de/vergleichen/home/
internet anbieter schweiz,800,5,6,https://www.alao.ch/de/blogs/internet-abo-vergleich/
internet geschwindigkeit test,800,40,100,
internet abo vergleich,700,5,3,https://www.alao.ch/de/blogs/internet-abo-vergleich/
sunrise handy abo,700,2,8,https://www.alao.ch/de/blogs/sunrise-abo/
swisscom netzabdeckung,700,18,27,https://www.alao.ch/de/abdeckungskarte/
günstiges handy abo,700,6,8,https://www.alao.ch/de/vergleichen/handy/
wingo handy,700,0,8,https://www.alao.ch/de/vergleichen/handy/wingo-wingo-swiss-5051/?partner=stvnew
wingo aktion,700,0,20,https://www.alao.ch/de/vergleichen/handy/wingo-wingo-swiss-pro-5045/
internet geschwindigkeit,700,40,44,https://www.alao.ch/de/blogs/internet-anschluesse/
glasfaser verfügbarkeit,700,2,>100,
mobile abo vergleich,600,11,3,https://www.alao.ch/de/vergleichen/handy/
salt netz,600,12,6,https://www.alao.ch/de/abdeckungskarte/
günstige handy abos,600,9,4,https://www.alao.ch/de/vergleichen/handy/
wingo abonnement,600,1,6,https://www.alao.ch/de/anbieter/wingo/
yallo handy abo,600,1,8,https://www.alao.ch/de/anbieter/yallo/
prepaid swisscom,600,3,>100,
internetanbieter schweiz,600,5,6,https://www.alao.ch/de/blogs/internet-abo-vergleich/
internet tv abo,600,27,17,https://www.alao.ch/de/vergleichen/home/
5g abdeckung schweiz,500,7,4,https://www.alao.ch/de/abdeckungskarte/
prepaid karte,500,8,>100,
prepaid karte schweiz,500,10,>100,
tv internet abo,500,24,12,https://www.alao.ch/de/vergleichen/home/
internet tv,500,16,97,https://www.alao.ch/de/vergleichen/home/
wingo angebote,450,0,6,https://www.alao.ch/de/anbieter/wingo/
sunrise abo angebote,450,3,12,https://www.alao.ch/de/blogs/sunrise-abo/
abonnement mobile,450,27,27,https://www.alao.ch/de/vergleichen/handy/
prepaid sim card switzerland,450,1,>100,
prepaid sim karte schweiz,450,8,90,
tv und internet abo,450,24,11,https://www.alao.ch/de/vergleichen/home/
abonnement internet,400,14,9,https://www.alao.ch/de/vergleichen/home/
wingo mobile abo,400,1,6,https://www.alao.ch/de/anbieter/wingo/
sunrise internet abo,400,24,12,https://www.alao.ch/de/blogs/sunrise-abo/
mobile abo aktion,400,8,7,https://www.alao.ch/de/vergleichen/handy/abo-aktionen/
prepaid handy,400,16,36,https://www.alao.ch/de/blogs/prepaid-vs-abo/
salt esim,400,0,>100,
home internet,400,18,53,https://www.alao.ch/de/vergleichen/home/
spotify abos,400,0,>100,
handy-abo vergleich,350,12,2,https://www.alao.ch/de/vergleichen/handy/
handy abo angebote,350,19,5,https://www.alao.ch/de/vergleichen/handy/
yallo angebote,350,2,7,https://www.alao.ch/de/anbieter/yallo/
yallo abonnement,350,2,8,https://www.alao.ch/de/anbieter/yallo/
salt tv internet,350,0,11,https://www.alao.ch/de/anbieter/salt/
wingo abo aktion,350,2,8,https://www.alao.ch/de/vergleichen/handy/wingo-wingo-swiss-pro-5045/
sky abo schweiz,350,2,>100,
internet für zuhause,300,12,31,https://www.alao.ch/de/vergleichen/home/
mobil abo,300,36,5,https://www.alao.ch/de/vergleichen/handy/
handy abo vergleich schweiz,300,12,3,https://www.alao.ch/de/vergleichen/handy/
bestes handy abo schweiz,300,7,11,https://www.alao.ch/de/vergleichen/handy/
mobile abo schweiz,300,36,10,https://www.alao.ch/de/vergleichen/handy/
handy abo unlimitiert,300,4,23,https://www.alao.ch/de/vergleichen/handy/ch-unlimitiert/
swisscom action,300,2,>100,
internet vergleich schweiz,300,5,6,https://www.alao.ch/de/blogs/internet-abo-vergleich/
günstiges internet schweiz,300,4,4,https://www.alao.ch/de/blogs/internet-abo-vergleich/
tv abo vergleich,300,3,8,https://www.alao.ch/de/vergleichen/home/
internet schweiz,300,26,9,https://www.alao.ch/de/blogs/internet-abo-vergleich/
wlan zuhause,300,8,19,https://www.alao.ch/de/blogs/internet-abo-vergleich/
internet home,300,13,13,https://www.alao.ch/de/vergleichen/home/
tv internet,300,27,22,https://www.alao.ch/de/vergleichen/home/
spotify kosten schweiz,300,0,>100,
internet zuhause,250,27,23,https://www.alao.ch/de/vergleichen/home/
salt internet abo,250,0,5,https://www.alao.ch/de/anbieter/salt/
yallo mobile abo,250,1,8,https://www.alao.ch/de/anbieter/yallo/
handy abo günstig,250,6,8,https://www.alao.ch/de/vergleichen/handy/
yallo abo mit handy,250,1,9,https://www.alao.ch/de/anbieter/yallo/
mobilfunkanbieter schweiz,250,7,15,https://www.alao.ch/de/blogs/wer-hat-die-beste-mobile-netzabdeckung-der-schweiz/
swisscom handy-abo preise,250,3,12,https://www.alao.ch/de/anbieter/swisscom/
handy günstig,250,0,>100,
tv anbieter schweiz,250,26,18,https://www.alao.ch/de/blogs/internet-und-tv-vergleich/
internet anschluss,200,11,3,https://www.alao.ch/de/blogs/internet-anschluesse/
internet vergleich,200,7,8,https://www.alao.ch/de/blogs/internet-abo-vergleich/
tv und internet-abo-vergleich schweiz,200,3,5,https://www.alao.ch/de/vergleichen/home/
talktalk netz,200,2,1,https://www.alao.ch/de/vergleichen/bundles/sunrise-we-home-l-1675-and-talktalk-swiss-unlimited-5022/
swisscom netz anbieter,200,5,1,https://www.alao.ch/de/anbieter/swisscom/
netzabdeckung schweiz,200,4,1,https://www.alao.ch/de/abdeckungskarte/
wingo netzabdeckung,200,1,4,https://www.alao.ch/de/abdeckungskarte/
yallo schweiz,200,4,3,https://www.alao.ch/de/anbieter/yallo/
yallo netzabdeckung,200,0,2,https://www.alao.ch/de/abdeckungskarte/
internet tv vergleich,200,3,8,https://www.alao.ch/de/vergleichen/home/
günstigstes internet schweiz,200,4,6,https://www.alao.ch/de/blogs/internet-abo-vergleich/
handy abovergleich,200,9,5,https://www.alao.ch/de/vergleichen/handy/
handyabo schweiz,200,20,4,https://www.alao.ch/de/vergleichen/handy/
abo handy,200,27,9,https://www.alao.ch/de/vergleichen/handy/
talk talk erfahrungen,200,1,5,https://www.alao.ch/de/anbieter/talktalk/
abo vergleich,200,11,3,https://www.alao.ch/de/vergleichen/handy/
handyvertrag schweiz,200,15,11,https://www.alao.ch/de/vergleichen/handy/
handy abo sunrise,200,0,12,https://www.alao.ch/de/blogs/sunrise-abo/
salt aktion,200,4,8,https://www.alao.ch/de/anbieter/salt/
m budget handy abo,200,9,15,https://www.alao.ch/de/anbieter/m-budget/
mobile anbieter schweiz,200,10,24,https://www.alao.ch/de/blogs/wer-hat-die-beste-mobile-netzabdeckung-der-schweiz/
swisscom abo handy,200,2,16,https://www.alao.ch/de/anbieter/swisscom/
prepaid handy schweiz,200,4,31,https://www.alao.ch/de/blogs/prepaid-vs-abo/
handy-abo unlimitiert schweiz und europa,200,1,19,https://www.alao.ch/de/blogs/alao4you/
mobiles internet schweiz,200,17,64,https://www.alao.ch/de/
günstiges handy,200,1,82,https://www.alao.ch/de/?fpr=daskannwas
mobile daten schweiz,200,2,>100,
handy aktion,200,3,77,https://www.alao.ch/de/vergleichen/handy/
handyvertrag,200,23,>100,
prepaid sim,200,6,>100,
swisscom prepaid kaufen,200,1,>100,
internet anbieter,200,6,6,https://www.alao.ch/de/blogs/internet-abo-vergleich/
tv abo,200,20,36,https://www.alao.ch/de/vergleichen/home/
glasfaser internet,200,5,>100,
tv angebote,200,4,>100,
internetabo,150,11,2,https://www.alao.ch/de/vergleichen/home/
günstiges internet,150,6,15,https://www.alao.ch/de/vergleichen/home/
abonnement tv internet,150,10,14,https://www.alao.ch/de/vergleichen/home/
günstiges internet für zuhause schweiz,150,4,6,https://www.alao.ch/de/blogs/internet-abo-vergleich/
internet für zuhause schweiz,150,9,8,https://www.alao.ch/de/blogs/internet-abo-vergleich/
netzabdeckung,150,1,2,https://www.alao.ch/de/abdeckungskarte/
handyabo kinder,150,0,3,https://www.alao.ch/de/blogs/handy-abo-kinder/
mobil abo vergleich,150,11,3,https://www.alao.ch/de/vergleichen/handy/
handyabo vergleich,150,11,3,https://www.alao.ch/de/vergleichen/handy/
internet und tv,150,28,60,https://www.alao.ch/de/vergleichen/home/
abo vergleich schweiz,150,9,4,https://www.alao.ch/de/vergleichen/handy/
mobile abo vergleich schweiz,150,9,4,https://www.alao.ch/de/vergleichen/handy/
handy abo salt,150,0,7,https://www.alao.ch/de/anbieter/salt/
mobil abo schweiz,150,36,4,https://www.alao.ch/de/vergleichen/handy/
talktalk mobile,150,0,9,https://www.alao.ch/de/anbieter/talktalk/
sunrise 5g abdeckung,150,5,8,https://www.alao.ch/de/abdeckungskarte/
internet zuhause schweiz,150,9,10,https://www.alao.ch/de/blogs/internet-abo-vergleich/
yallo handy,150,1,9,https://www.alao.ch/de/vergleichen/handy/yallo-yallo-international-5028/
abonnement yallo,150,4,8,https://www.alao.ch/de/anbieter/yallo/
günstige mobile abo,150,9,7,https://www.alao.ch/de/vergleichen/handy/
sunrise netz,150,7,18,https://www.alao.ch/de/abdeckungskarte/
yallo abo unlimitiert,150,1,8,https://www.alao.ch/de/anbieter/yallo/
yallo abo aktion,150,2,7,https://www.alao.ch/de/anbieter/yallo/
günstigstes handy abo schweiz,150,9,>100,https://www.alao.ch/de/vergleichen/handy/
sunrise abo handy,150,0,14,https://www.alao.ch/de/vergleichen/handy/sunrise-up-mobile-l-5033/
sunrise kombi abo,150,24,9,https://www.alao.ch/de/anbieter/sunrise/
günstiges handy-abo swisscom,150,3,7,https://www.alao.ch/de/anbieter/swisscom/
budget mobile abo,150,9,10,https://www.alao.ch/de/anbieter/m-budget/
sunrise aktion,150,17,15,https://www.alao.ch/de/vergleichen/bundles/sunrise-we-home-m-1674-and-salt-swiss-xxl-5020/
m budget mobile maxi,150,9,18,https://www.alao.ch/de/anbieter/m-budget/
m budget tv internet,150,0,11,https://www.alao.ch/de/anbieter/m-budget/
swisscom abo angebote,150,35,17,https://www.alao.ch/de/anbieter/swisscom/
prepaid abo,150,12,20,https://www.alao.ch/de/blogs/prepaid-vs-abo/
handy abo unlimitiert internet,150,3,24,https://www.alao.ch/de/vergleichen/handy/
prepaid vergleich schweiz,150,3,38,https://www.alao.ch/de/blogs/prepaid-vs-abo/
swisscom datenpaket,150,2,86,
prepaid internet schweiz,150,8,67,https://www.alao.ch/de/blogs/prepaid-vs-abo/
prepaid sim-karte schweiz,150,8,>100,https://www.alao.ch/de/blogs/handy-abo-kinder/
handy aufladen swisscom,150,1,>100,https://www.alao.ch/de/anbieter/salt/
unlimitiert abo,150,4,68,https://www.alao.ch/de/vergleichen/handy/ch-unlimitiert/
spotify-abo schweiz,150,0,>100,
glasfaseranschluss prüfen,150,1,>100,
internet-abo zuhause,100,9,7,https://www.alao.ch/de/vergleichen/home/
internet angebote,100,17,29,https://www.alao.ch/de/vergleichen/home/
internet und tv abo-vergleich schweiz,100,2,8,https://www.alao.ch/de/vergleichen/home/
home internet switzerland,100,7,9,https://www.alao.ch/de/blogs/internet-abo-vergleich/
internet angebote schweiz,100,9,8,https://www.alao.ch/de/blogs/internet-abo-vergleich/
sunrise abdeckung,100,5,8,https://www.alao.ch/de/abdeckungskarte/
salt angebot,100,0,5,https://www.alao.ch/de/anbieter/salt/
bestes netz schweiz,100,3,10,https://www.alao.ch/de/blogs/wer-hat-die-beste-mobile-netzabdeckung-der-schweiz/
salt angebote handy,100,0,7,https://www.alao.ch/de/anbieter/salt/
günstige handy abo schweiz,100,9,6,https://www.alao.ch/de/vergleichen/handy/
sunrise abo unlimitiert,100,0,12,https://www.alao.ch/de/blogs/sunrise-abo/
sunrise handy-abo angebote,100,0,9,https://www.alao.ch/de/anbieter/sunrise/
salt home internet,100,0,18,https://www.alao.ch/de/anbieter/salt/
handy abo yallo,100,1,8,https://www.alao.ch/de/anbieter/yallo/
handy-abo mit handy,100,15,7,https://www.alao.ch/de/vergleichen/handy/
abo mobile,100,38,8,https://www.alao.ch/de/vergleichen/handy/
swisscom jugendabo,100,0,14,https://www.alao.ch/de/blogs/jugendabos-schweiz-mobiles-abo/
günstiges handy abo swisscom,100,3,8,https://www.alao.ch/de/anbieter/swisscom/
sunrise angebot,100,17,12,
sunrise natel abo,100,0,12,https://www.alao.ch/de/blogs/sunrise-abo/
handytarife schweiz,100,7,15,https://www.alao.ch/de/vergleichen/handy/
handy vertrag schweiz,100,7,17,https://www.alao.ch/de/
handyanbieter schweiz,100,12,22,https://www.alao.ch/de/blogs/wer-hat-die-beste-mobile-netzabdeckung-der-schweiz/
swisscom mobile-abo übersicht,100,6,17,https://www.alao.ch/de/anbieter/swisscom/
handy anbieter schweiz,100,10,24,https://www.alao.ch/de/blogs/wer-hat-die-beste-mobile-netzabdeckung-der-schweiz/
swisscom handy-abo aktion,100,3,11,https://www.alao.ch/de/anbieter/swisscom/
sunrise angebote handy,100,1,19,https://www.alao.ch/de/vergleichen/handy/sunrise-up-mobile-l-5033/
swisscom mobile abos,100,15,16,https://www.alao.ch/de/anbieter/swisscom/
handy abo weltweit unlimitiert,100,1,31,https://www.alao.ch/de/anbieter/wingo/
swisscom handy abo kündigen,100,0,26,https://www.alao.ch/de/anbieter/swisscom/
mobile abo unlimitiert,100,4,30,https://www.alao.ch/de/blogs/handy-abo-kinder/
prepaid handy aufladen,100,1,>100,
prepaid sim card,100,1,>100,
sunrise glasfaser check,100,1,59,https://www.alao.ch/de/blogs/internet-anschluesse/
abonnement tv,100,22,66,https://www.alao.ch/de/blogs/internet-und-tv-vergleich/
internet fernsehen,100,18,50,
sky schweiz preise,100,2,>100,
internet-abo-vergleich schweiz,90,5,4,https://www.alao.ch/de/blogs/internet-abo-vergleich/
internet schweiz vergleich,90,5,7,https://www.alao.ch/de/blogs/internet-abo-vergleich/
internet anbieter schweiz vergleich,90,5,8,https://www.alao.ch/de/blogs/internet-abo-vergleich/
internetanbieter vergleich schweiz,90,5,6,https://www.alao.ch/de/blogs/internet-abo-vergleich/
mobil abo vergleich schweiz,90,9,4,https://www.alao.ch/de/vergleichen/handy/
bestes handynetz schweiz,90,3,13,https://www.alao.ch/de/blogs/wer-hat-die-beste-mobile-netzabdeckung-der-schweiz/
günstig mobile abo,90,9,8,https://www.alao.ch/de/vergleichen/handy/
sunrise handy abo angebote,90,1,10,https://www.alao.ch/de/anbieter/sunrise/
m-budget mobile abo,90,9,13,https://www.alao.ch/de/anbieter/m-budget/
swisscom netz,90,16,19,https://www.alao.ch/de/anbieter/swisscom/
mobile internet schweiz,90,26,25,https://www.alao.ch/de/
mobile prepaid,90,11,87,https://www.alao.ch/de/blogs/prepaid-vs-abo/
abo internet,80,10,8,https://www.alao.ch/de/vergleichen/home/
internet abo zuhause,80,6,8,https://www.alao.ch/de/vergleichen/home/
salt mobile abos,80,0,8,https://www.alao.ch/de/anbieter/salt/
offre sunrise mobile,80,0,13,https://www.alao.ch/de/anbieter/sunrise/
swisscom handy-abo unlimitiert,80,3,13,https://www.alao.ch/de/anbieter/swisscom/
handy-abo unlimitiert internet europa,80,0,39,https://www.alao.ch/de/blogs/alao4you/
unlimitiertes abo,80,4,58,https://www.alao.ch/de/vergleichen/handy/ch-unlimitiert/
internet tv angebote,70,10,21,https://www.alao.ch/de/vergleichen/home/
internet glasfaser,70,4,87,
handy abo schweiz vergleich,70,12,5,https://www.alao.ch/de/vergleichen/handy/
internet abo sunrise,70,24,13,https://www.alao.ch/de/blogs/sunrise-abo/
swisscom angebote handy,70,8,9,https://www.alao.ch/de/anbieter/swisscom/
handy tarife schweiz,70,10,13,https://www.alao.ch/de/vergleichen/handy/
offre swisscom mobile,70,7,20,https://www.alao.ch/de/anbieter/swisscom/
tv anschluss plombieren,70,0,>100,
internet home vergleich,60,4,4,https://www.alao.ch/de/blogs/internet-abo-vergleich/
internet günstig schweiz,60,4,9,https://www.alao.ch/de/blogs/internet-abo-vergleich/
schweiz internet,60,40,14,https://www.alao.ch/de/blogs/internet-abo-vergleich/
tv und internet,60,30,91,https://www.alao.ch/de/vergleichen/home/
sunrise aktionen,60,11,18,https://www.alao.ch/de/vergleichen/bundles/sunrise-we-home-m-1674-and-salt-swiss-xxl-5020/
m budget guthaben abfragen,60,3,>100,
abonnement internet tv,50,13,14,https://www.alao.ch/de/vergleichen/home/
tv und internet angebote,50,10,17,https://www.alao.ch/de/vergleichen/home/
tv abos,50,29,31,https://www.alao.ch/de/vergleichen/home/
handy-abo-vergleich schweiz,50,12,4,https://www.alao.ch/de/vergleichen/handy/
abonnement mobile salt,50,1,7,https://www.alao.ch/de/anbieter/salt/
handyabo günstig,50,18,8,https://www.alao.ch/de/vergleichen/handy/
sunrise handy angebote,50,2,32,https://www.alao.ch/de/vergleichen/handy/sunrise-up-mobile-l-5033/
mobil anbieter schweiz,50,6,22,https://www.alao.ch/de/blogs/wer-hat-die-beste-mobile-netzabdeckung-der-schweiz/
mbudget handy,50,11,19,
handytarife,50,22,>100,
prepaid schweiz vergleich,50,2,31,https://www.alao.ch/de/blogs/prepaid-vs-abo/
glasfaser sunrise,50,0,>100,
swisscom guthabenabfrage,50,1,>100,
apple tv schweiz,50,5,>100,
festnetz abo,50,1,>100,
vergleich internet schweiz,40,5,4,https://www.alao.ch/de/blogs/internet-abo-vergleich/
günstiges internet für zuhause,40,3,8,https://www.alao.ch/de/blogs/internet-abo-vergleich/
internet tv abo vergleich,40,3,6,https://www.alao.ch/de/vergleichen/home/
internet abo vergleich schweiz,40,5,3,https://www.alao.ch/de/blogs/internet-abo-vergleich/
internet zuhause günstig,40,3,8,https://www.alao.ch/de/blogs/internet-abo-vergleich/
internetanbieter schweiz vergleich,40,5,7,https://www.alao.ch/de/blogs/internet-abo-vergleich/
abo tv internet,40,24,12,https://www.alao.ch/de/vergleichen/home/
tv internet anbieter,40,5,11,https://www.alao.ch/de/blogs/internet-abo-vergleich/
m-budget abonnement mobile,40,9,13,https://www.alao.ch/de/anbieter/m-budget/
handy-abo unlimitiert,40,4,18,https://www.alao.ch/de/vergleichen/handy/ch-unlimitiert/
internet störung swisscom,40,5,>100,
vergleich internetanbieter schweiz,30,5,5,https://www.alao.ch/de/blogs/internet-abo-vergleich/
günstig internet schweiz,30,4,5,https://www.alao.ch/de/blogs/internet-abo-vergleich/
günstig internet,30,3,24,https://www.alao.ch/de/blogs/internet-abo-vergleich/
internet und tv angebote,30,24,23,https://www.alao.ch/de/vergleichen/home/
internet tv anbieter,30,8,20,https://www.alao.ch/de/blogs/internet-abo-vergleich/
kombi abo tv internet handy,30,9,25,https://www.alao.ch/de/blogs/internet-und-tv-vergleich/
mobile abo schweiz vergleich,30,12,3,https://www.alao.ch/de/vergleichen/handy/
schweizer mobilfunkanbieter,30,7,15,https://www.alao.ch/de/abdeckungskarte/
abonnement m-budget,30,9,12,https://www.alao.ch/de/anbieter/m-budget/
handy mit vertrag schweiz,30,6,13,https://www.alao.ch/de/vergleichen/handy/
handy prepaid aufladen,30,1,>100,
abonnement tv et internet,20,8,>100,https://www.alao.ch/de/blogs/internet-und-tv-vergleich/
mobilfunk anbieter schweiz,20,5,14,https://www.alao.ch/de/blogs/wer-hat-die-beste-mobile-netzabdeckung-der-schweiz/
handy abo vergleichen schweiz,20,11,4,https://www.alao.ch/de/vergleichen/handy/
mobilabo vergleich schweiz,20,11,6,https://www.alao.ch/de/vergleichen/handy/
swisscom kombi abo,20,5,31,https://www.alao.ch/de/anbieter/swisscom/?offer_type=HOME_OFFER
handy abo unlimitiert schweiz und europa,20,0,20,https://www.alao.ch/de/blogs/alao4you/
handy tarife,20,37,49,
abo unlimitiert,20,4,33,https://www.alao.ch/de/vergleichen/handy/ch-unlimitiert/
internet tv festnetz,20,9,68,
internet + tv angebote,10,10,21,
swisscom mobile abo übersicht,10,15,16,https://www.alao.ch/de/anbieter/swisscom/
günstigstes handy abo,4,400,10,
salt mobile abo,4,400,8,
günstigste handy abo schweiz,6,100,7,
internet abo black friday,0,50,1,